locomotive,batch,day1,day2,status
9100,1,0.0,462,1
9100,1,462.0,730,0
9102,1,0.0,364,1
9102,1,364.0,391,1
9102,1,391.0,548,1
9102,1,548.0,724,0
9103,1,0.0,302,1
9103,1,302.0,444,1
9103,1,444.0,500,1
9103,1,500.0,730,0
9106,1,0.0,250,1
9106,1,250.0,730,0
9108,1,0.0,500,1
9108,1,500.0,724,0
9110,1,0.0,88,1
9110,1,88.0,724,0
9117,1,0.0,272,1
9117,1,272.0,421,1
9117,1,421.0,552,1
9117,1,552.0,625,1
9117,1,625.0,719,0
9124,1,0.0,481,1
9124,1,481.0,710,0
9125,1,0.0,431,1
9125,1,431.0,710,0
9126,1,0.0,367,1
9126,1,367.0,710,0
9128,1,0.0,635,1
9128,1,635.0,650,1
9128,1,650.0,708,0
9134,1,0.0,402,1
9134,1,402.0,700,0
9136,1,0.0,33,1
9136,1,33.0,687,0
9138,1,0.0,287,1
9138,1,287.0,687,0
9156,1,0.0,317,1
9156,1,317.0,498,1
9156,1,498.0,657,0
9176,2,0.0,203,1
9176,2,203.0,211,1
9176,2,211.0,277,1
9176,2,277.0,373,1
9176,2,373.0,511,0
9182,2,0.0,293,1
9182,2,293.0,503,0
9190,2,0.0,173,1
9190,2,173.0,470,0
9197,2,0.0,242,1
9197,2,242.0,464,0
9199,2,0.0,39,1
9199,2,39.0,464,0
9200,2,0.0,91,1
9200,2,91.0,462,0
9201,2,0.0,119,1
9201,2,119.0,148,1
9201,2,148.0,306,1
9201,2,306.0,461,0
9203,2,0.0,382,1
9203,2,382.0,460,0
9207,2,0.0,250,1
9207,2,250.0,434,0
9209,2,0.0,192,1
9209,2,192.0,448,0
9212,2,0.0,369,1
9212,2,369.0,448,0
9213,2,0.0,22,1
9213,2,22.0,447,0
9216,2,0.0,54,1
9216,2,54.0,441,0
9226,2,0.0,194,1
9226,2,194.0,432,0
9235,2,0.0,61,1
9235,2,61.0,419,0
9236,2,0.0,19,1
9236,2,19.0,185,1
9236,2,185.0,419,0
9238,2,0.0,187,1
9238,2,187.0,416,0
9239,2,0.0,93,1
9239,2,93.0,205,1
9239,2,205.0,264,1
9239,2,264.0,415,0
