id,time,status
251,761.0,0
252,759.0,0
327,98.0,1
327,667.0,0
328,326.0,1
328,653.0,1
328,653.0,1
328,667.0,0
329,665.0,0
330,84.0,1
330,667.0,0
331,87.0,1
331,663.0,0
389,646.0,1
389,653.0,0
390,92.0,1
390,653.0,0
391,651.0,0
392,258.0,1
392,328.0,1
392,377.0,1
392,621.0,1
392,650.0,0
393,61.0,1
393,539.0,1
393,648.0,0
394,254.0,1
394,276.0,1
394,298.0,1
394,640.0,1
394,644.0,0
395,76.0,1
395,538.0,1
395,642.0,0
396,635.0,1
396,641.0,0
397,349.0,1
397,404.0,1
397,561.0,1
397,649.0,0
398,631.0,0
399,596.0,0
400,120.0,1
400,479.0,1
400,614.0,0
401,323.0,1
401,449.0,1
401,582.0,0
402,139.0,1
402,139.0,1
402,589.0,0
403,593.0,0
404,573.0,1
404,589.0,0
405,165.0,1
405,408.0,1
405,604.0,1
405,606.0,0
406,249.0,1
406,594.0,0
407,344.0,1
407,497.0,1
407,613.0,0
408,265.0,1
408,586.0,1
408,595.0,0
409,166.0,1
409,206.0,1
409,348.0,1
409,389.0,0
410,601.0,0
411,410.0,1
411,581.0,1
411,601.0,0
412,611.0,0
413,608.0,0
414,587.0,0
415,367.0,1
415,603.0,0
416,202.0,1
416,563.0,1
416,570.0,1
416,585.0,0
417,587.0,0
418,578.0,0
419,578.0,0
420,586.0,0
421,585.0,0
422,582.0,0
